[{"Afterburner_Accel":"17000.00/17000.00/17000.00","Afterburner_Speed_Governor":"120.00/120.00/125.00","Bottom_Accel":"4000.00/4000.00/4000.00","Can_Cloak":"0","Can_Lock":"1","Cargo":"{armor02;upgrades/Armor;200.000000;1;20.000000;0.000000;1.000000;1.000000;;false;true}{capacitor02;upgrades/Capacitors/Standard;200.000000;1;4.000000;4.000000;1.000000;1.000000;;false;true}{jump_drive;upgrades/Jump_Drives;7542.871582;1;16.000000;2.000000;1.000000;1.000000;;false;true}{reactor02;upgrades/Reactors/Standard;200.000000;1;2.000000;3.500000;1.000000;1.000000;;false;true}{add_spec_capacitor01;upgrades/SPEC_Capacitors;200.000000;1;5.000000;4.000000;1.000000;1.000000;;false;true}{skyscope1;upgrades/Sensors/Common;200.000000;1;0.010000;1.000000;1.000000;1.000000;;false;true}{quadshield02;upgrades/Shield_Systems/Standard_Quad_Shields;200.000000;1;2.000000;8.000000;1.000000;1.000000;;false;true}{afterburner;upgrades/integral;2000.000000;1;0.100000;0.100000;1.000000;1.000000;;false;true}{drive;upgrades/integral;6000.000000;1;0.100000;0.100000;1.000000;1.000000;;false;true}{ftl_drive;upgrades/integral;4500.000000;1;0.100000;0.100000;1.000000;1.000000;;false;true}{hull;upgrades/integral;12000.000000;1;0.100000;0.100000;1.000000;1.000000;;false;true}","Cargo_Import":"","Cloak_Energy":"0.000000","Cloak_Glass":"0","Cloak_Min":"0.000000","Cloak_Rate":"0.000000","CockpitZ":"3.5","Combat_Role":"SHUTTLE","Comm_Functionality":"1","Default_Speed_Governor":"120.00/120.00/125.00","Directory":"./vessels/Llama","ECM_Rating":"0","Equipment_Space":"0","FireControl_Functionality":"1","Forward_Accel":"17000.00/17000.00/17000.00","Fuel_Capacity":"25.00/25.00/25.00","Heat_Sink_Rating":"0","Hidden_Hold_Volume":"0","Hold_Volume":"2000","Hud_Functionality":"1;1;1;1;1;1;1;1;1;1;1;1;1;1;1;1;1;1;1;1;1;1;1;1;1;1;1;1;1;1;1;1;1;1;1;1;1;1;1;1;1;1;1;1;1;1;1;1;1;1;1;1;1;1;1;1;1;1;1;1;1;1;1;1;1;1;1;","Hud_image":"llama-hud.spr","Hull":"485.00/485.00/500.00","ITTS":"1","Jump_Drive_Delay":"1.000000","Jump_Drive_Present":"1","Key":"Llama.begin","Left_Accel":"4000.00/4000.00/4000.00","Lifesupport_Functionality":"1","Light":"{supernova.bmp.bfxm;0;0.35;-2.09200;2;;;;;}{supernova.bmp.bfxm;1.31;0;-1.82200;2;;;;;}{supernova.bmp.bfxm;-1.32800;0;-1.82200;2;;;;;}{supernova.bmp.bfxm;1.316;0.450;-1.37;0.5;1;1;1;1;0.0005;0;-1;0}{supernova.bmp.bfxm;1.963;0.010;-1.37;0.5;1;1;1;1;0.0005;-1;0;0}{supernova.bmp.bfxm;1.316;-0.431;-1.37;0.5;1;1;1;1;0.0005;0;1;0}{supernova.bmp.bfxm;-1.316;0.450;-1.37;0.5;1;1;1;1;0.0005;0;-1;0}{supernova.bmp.bfxm;-1.963;0.010;-1.37;0.5;1;1;1;1;0.0005;1;0;0}{supernova.bmp.bfxm;-1.316;-0.431;-1.37;0.5;1;1;1;1;0.0005;0;1;0}{supernova.bmp.bfxm;1.059;0.346;2.327;0.5;1;1;1;1;0.0005;0;-1;0}{supernova.bmp.bfxm;1.454;0.094;2.327;0.5;1;1;1;1;0.0005;-1;0;0}{supernova.bmp.bfxm;1.059;-0.157;2.327;0.5;1;1;1;1;0.0005;0;1;0}{supernova.bmp.bfxm;-1.059;0.346;2.327;0.5;1;1;1;1;0.0005;0;-1;0}{supernova.bmp.bfxm;-1.454;0.094;2.327;0.5;1;1;1;1;0.0005;1;0;0}{supernova.bmp.bfxm;-1.059;-0.157;2.327;0.5;1;1;1;1;0.0005;0;1;0}{supernova.bmp.bfxm;1.652;0.208;1.565;0.8;1;1;1;1;0.0005;0;0;-1}{supernova.bmp.bfxm;-1.652;0.208;1.565;0.8;1;1;1;1;0.0005;0;0;-1}","Lock_Cone":"25","Maneuver_Pitch":"50000.00/50000.00/50000.00","Maneuver_Roll":"50000.00/50000.00/50000.00","Maneuver_Yaw":"50000.00/50000.00/50000.00","Mass":"266.4","Max_Comm_Functionality":"1","Max_Cone":"180","Max_FireControl_Functionality":"1","Max_Hud_Functionality":"1;1;1;1;1;1;1;1;1;1;1;1;1;1;1;1;1;1;1;1;1;1;1;1;1;1;1;1;1;1;1;1;1;1;1;1;1;1;1;1;1;1;1;1;1;1;1;1;1;1;1;1;1;1;1;1;1;1;1;1;1;1;1;1;1;1;1;","Max_Lifesupport_Functionality":"1","Max_SPECDrive_Functionality":"1","Mesh":"{llama.bfxm;;}","Mounts":"{Laser;-1;15;LIGHT;1.012000;-0.068000;3.408000;0.000000;0.000000;0.000000;0.000000;1.000000;0.000000;1.000000;0.000000;1.000000;1.000000}{Laser;-1;15;LIGHT;-0.964000;-0.068000;3.408000;0.000000;0.000000;0.000000;0.000000;1.000000;0.000000;1.000000;0.000000;1.000000;1.000000}{Laser;-1;3;LIGHT;0.380000;0.176000;1.076000;0.000000;0.000000;0.000000;0.000000;1.000000;0.000000;1.000000;0.000000;1.000000;1.000000}{Laser;-1;3;LIGHT;-0.336000;0.176000;1.076000;0.000000;0.000000;0.000000;0.000000;1.000000;0.000000;1.000000;0.000000;1.000000;1.000000}{Dumbfire;48;48;LIGHT-MISSILE MEDIUM-MISSILE SPECIAL-MISSILE;0.000000;0.000000;0.000000;0.000000;0.000000;0.000000;0.000000;1.000000;0.000000;1.000000;0.000000;1.000000;1.000000}{;-1;48;LIGHT-MISSILE MEDIUM-MISSILE SPECIAL-MISSILE;0.000000;0.000000;0.000000;0.000000;0.000000;0.000000;0.000000;1.000000;0.000000;1.000000;0.000000;1.000000;1.000000}","Name":"Llama","Outsystem_Jump_Cost":"200.000000","Pitch_Governor_Down":"50.00/50.00/50.00","Pitch_Governor_Up":"50.00/50.00/50.00","Primary_Capacitor":"196.32/197.00/200.00","Prohibited_Upgrades":"mult_shady_moreupgrade:1;mult_shady_morethrust:1;mult_shady_moreshields:1;mult_shady_moregunrecharge:1;mult_shady_moreshieldrecharge:1;mult_shady_moreturning:1;upgrades/Overdrive:1;upgrades/Capacitors:1;upgrades/Reactors:1;upgrades/Armor:1;upgrades/Sensors:1;upgrades/Shield_Systems:1;upgrades/Passenger_Quarters:1;upgrades/Repair_Systems:1;upgrades/ECM_Systems:1","Radar_Color":"0","Radar_Range":"125000000","Reactor_Recharge":"39.00/39.00/44.00","Repair_Droid":"0","Retro_Accel":"15000.00/15000.00/15000.00","Right_Accel":"4000.00/4000.00/4000.00","Roll_Governor_Left":"55.00/55.00/55.00","Roll_Governor_Right":"55.00/55.00/55.00","SPECDrive_Functionality":"1","STATUS":"MANEUVOUR","Shield_Efficiency":"1","Shield_Leak":"0","Shield_Recharge":"7.80/7.80/8.00","Slide_End":"0","Slide_Start":"0","Spec_Interdiction":"0","Sub_Units":"","Textual_Description":"With Lauktk's death, ownership of this vessel has passed on to you.","Top_Accel":"4000.00/4000.00/4000.00","Tracking_Cone":"3.99998","Tractorability":"p","Unit_Scale":"7","Upgrade_Storage_Volume":"360","Upgrades":"","Warp_Capacitor":"325.00/325.00/400.00","Warp_Max_Multiplier":"1","Warp_Min_Multiplier":"1","Warp_Usage_Cost":"120.000000","Wormhole":"0","Yaw_Governor_Left":"45.00/45.00/45.00","Yaw_Governor_Right":"45.00/45.00/45.00","armor_back":"190.00/190.00/200.00","armor_front":"192.00/192.00/200.00","armor_left":"195.00/195.00/200.00","armor_right":"198.00/198.00/200.00","shield_back":"149.00/149.00/150.00","shield_facets":"4","shield_front":"148.00/148.00/150.00","shield_left":"145.00/145.00/150.00","shield_right":"150.00/150.00/150.00"}]